Id,LookUpType,LookUpCode,Meaning,LookUpCodeDescribe,MeaningDescribe,IsDeleted,CreatedDateTime,UpdatedDateTime,Creater,UpdateUser
1,SFY_ORGANIZATION,85,OU_索菲亚家居,,,0,2014-06-10 18:14:28.157,2016-07-27 18:02:54.367,,
2,SFY_ORGANIZATION,84,OU_广州索菲亚,,,0,2014-06-10 18:14:36.583,2016-07-27 18:02:54.367,,
3,SFY_ORGANIZATION,101,OU_广州易福诺,,,0,2014-06-10 18:14:44.43,2016-07-27 18:02:54.367,,
4,SFY_ORGANIZATION,121,OU_成都索菲亚,,,0,2014-06-10 18:14:52.883,2016-07-27 18:02:54.367,,
5,SFY_ORGANIZATION,192,OU_廊坊索菲亚,,,0,2014-06-10 18:15:02.23,2016-07-27 18:02:54.367,,
6,SFY_ORGANIZATION,208,OU_浙江索菲亚,,,0,2014-06-10 18:15:10.7,2016-07-27 18:02:54.367,,
7,SFY_BOM_ProcessType,N,N,,,0,2014-06-10 18:15:23.257,2016-07-27 18:02:54.367,,
8,SFY_BOM_ProcessType,K,K,,,0,2014-06-10 18:15:26.953,2016-07-27 18:02:54.367,,
9,SFY_BOM_ProcessType,R1,R1,,,0,2014-06-10 18:15:31.12,2016-07-27 18:02:54.367,,
10,SFY_BOM_ProcessType,R2,R2,,,0,2014-06-10 18:15:37.53,2016-07-27 18:02:54.367,,
11,SFY_BOM_ProcessType,X,X,,,0,2014-06-10 18:15:42.897,2016-07-27 18:02:54.367,,
12,SFY_DEF_Party_Struct,10;柜身;SJQA;三聚氰胺,柜身三聚氰胺,,,0,2014-08-11 17:48:32.867,2016-07-27 18:02:54.367,,
13,SFY_DEF_Party,T01;默认甲方图;1;1,默认甲方图,,,0,2014-08-11 17:48:55.627,2016-07-27 18:02:54.367,,
14,SFY_Structure,10,柜身,,,0,2014-08-12 14:55:31.847,2016-07-27 18:02:54.367,,
15,SFY_Structure,20,门,,,0,2014-08-12 14:55:37.23,2016-07-27 18:02:54.367,,
16,SFY_Structure,30,五金,,,0,2014-08-12 14:55:41.473,2016-07-27 18:02:54.367,,
17,SFY_Paint_Type,Q01,2DU1MU,GC011;GC013;GC014;GC016;GC017,,0,2014-08-13 16:37:14.06,2017-06-08 18:20:55.25,,叶文俊
18,Paint_Type,UVF,UVF,,,1,2014-08-13 16:37:20.287,2016-07-27 18:02:54.367,,
19,Paint_Type,UVF+PUF,UVF+PUF,,,0,2014-08-13 16:37:26.323,2016-07-27 18:02:54.367,,
20,Paint_Type,PUE+UVF,PUE+UVF,,,0,2014-08-13 16:37:32.47,2016-07-27 18:02:54.367,,
21,Paint_Type,PE+UVF+PF,PE+UVF+PF,,,0,2014-08-13 16:37:38.693,2016-07-27 18:02:54.367,,
22,Paint_Type,PUE+PUF,PUE+PUF,,,0,2014-08-13 16:37:44.28,2016-07-27 18:02:54.367,,
23,SFY_Paint_Type,Q02,2DU2MU,GC012;GC015;GC018,,0,2014-08-13 16:52:57.783,2017-06-08 18:45:13.783,,叶文俊
24,SFY_Paint_Type,Q03,2DU1MP,,,0,2014-08-13 16:53:05.787,2016-07-27 18:02:54.367,,
25,SFY_Paint_Type,Q04,2DU2MP,,,0,2014-08-13 16:53:12.06,2016-07-27 18:02:54.367,,
26,SFY_Paint_Type,Q05,2DU,,,0,2014-08-13 16:53:18.097,2016-07-27 18:02:54.367,,
27,SFY_Paint_Type,Q06,2DP,,,0,2014-08-13 16:53:23.15,2016-07-27 18:02:54.367,,
28,SFY_Paint_Type,Q07,2DP1MP,,,0,2014-08-13 17:20:23.307,2016-07-27 18:02:54.367,,
29,SFY_Paint_Type,Q08,2DP2MP,,,0,2014-08-13 17:20:38.19,2016-07-27 18:02:54.367,,
30,SFY_Engineer_OrderType,批量单项目,合同批量单,图纸单,,0,2014-08-25 10:57:19.977,2017-03-09 17:41:58.63,,郭海生
31,SFY_Engineer_OrderType,合同样板项目,合同样板单,图纸单,,0,2014-08-25 10:57:29.48,2017-03-09 17:42:01.383,,郭海生
32,SFY_Engineer_OrderType,售前样板项目,售前样板单,图纸单,,0,2014-08-25 10:57:37.887,2017-03-09 17:42:05.36,,郭海生
33,SFY_Engineer_OrderType2,PC,合同批量单、合同样板单,,SFY_工程合同订单,0,2014-09-01 10:50:47.733,2016-12-07 14:35:25.897,,郭海生
34,SFY_Engineer_OrderType2,PS,售前样板单,,SFY_售前样板工程单,0,2014-09-01 10:53:37.017,2016-12-07 14:35:54.253,,郭海生
35,SFY_Engineer_OrderType2,PM,工程材料单,,,0,2014-09-01 10:54:01.347,2016-07-27 18:02:54.367,,
36,SFY_Engineer_OrderType2,IB,内部委托加工按行,,,0,2014-09-01 10:56:00.78,2016-07-27 18:02:54.367,,
37,SFY_Engineer_OrderType,CD批量单项目,合同批量单,图纸单,,0,2014-09-02 15:50:29.367,2017-03-09 17:42:12.45,,郭海生
38,SFY_Engineer_OrderType,ZJ批量单项目,合同批量单,图纸单,,0,2016-04-11 16:32:08.767,2017-03-09 17:42:09.41,,郭海生
39,SFY_Engineer_OrderType2,TP,工程外部图纸单,,,0,2016-07-27 10:05:48.083,2016-07-27 18:02:54.367,,
40,SFY_Second_StructureCode,GL,柜类,CABINET,PJM;CUPBOARD,0,2016-07-27 10:06:36.757,2017-03-09 17:43:04.907,,郭海生
41,SFY_Second_StructureCode,XL,芯类,CABINET,PJM;CUPBOARD,0,2016-07-27 10:06:45.813,2017-03-09 17:43:11.85,,郭海生
42,SFY_Second_StructureCode,YQ,油漆,CABINET,PJM;CUPBOARD,0,2016-07-27 10:06:53.777,2017-03-09 17:43:15.083,,郭海生
43,SFY_Second_StructureCode,WJ,普通五金,HARDWARE,PJM;CUPBOARD,0,2016-07-27 10:07:01.233,2017-03-09 17:43:19.58,,郭海生
44,SFY_Second_StructureCode,DT,灯条,HARDWARE,PJM;CUPBOARD,0,2016-07-27 10:07:08.377,2017-03-09 17:43:26.35,,郭海生
45,SFY_Second_StructureCode,XT,线条,CABINET,PJM;CUPBOARD,0,2016-07-27 10:07:15.307,2017-03-09 17:43:22.677,,郭海生
46,SFY_Second_StructureCode,TM,趟门&拼框门,SLIDDOOR,PJM;CUPBOARD,0,2016-07-27 10:07:22.1,2017-03-09 17:43:29.357,,郭海生
47,SFY_Second_StructureCode,YTM,油漆趟门&拼框门,SLIDDOOR,PJM;CUPBOARD,0,2016-07-27 10:07:29.227,2017-03-09 17:43:32.333,,郭海生
48,SFY_Second_StructureCode,MTM,木加工趟门,SLIDDOOR,PJM;CUPBOARD,0,2016-07-27 10:07:37.61,2017-03-09 17:43:35.18,,郭海生
49,SFY_Second_StructureCode,XS,吸塑,BLISTERDOOR,PJM;CUPBOARD,0,2016-07-27 10:07:44.527,2017-03-09 17:43:38.193,,郭海生
50,SFY_Second_StructureCode,YM,工艺掩门,CABINET,PJM;CUPBOARD,0,2016-07-27 10:07:51.427,2017-03-09 17:43:41.703,,郭海生
51,SFY_Second_StructureCode,YF,委外加工物,CABINET,PJM;CUPBOARD,0,2016-07-27 10:07:58.75,2017-03-09 17:43:45.15,,郭海生
52,SFY_Second_StructureCode,CM,工艺抽面,CABINET,PJM;CUPBOARD,0,2016-07-27 10:08:05.683,2017-03-09 17:43:48.353,,郭海生
53,SFY_Second_StructureCode,TW,特殊五金,HARDWARE,PJM;CUPBOARD,0,2016-07-27 10:08:12.83,2017-03-09 17:43:56.193,,郭海生
54,SFY_Second_StructureCode,YT,衣通,HARDWARE,PJM;CUPBOARD,0,2016-07-27 10:08:20.6,2017-03-09 17:43:51.95,,郭海生
55,SFY_CRMASK,SFY_CRMASK,sogalcrm15#,,,0,2016-07-27 10:11:27.573,2016-07-27 18:02:54.367,,
56,SFY_ORR,1,三视图不规范,,,0,2016-07-27 10:11:54.08,2016-07-27 18:02:54.367,,
57,SFY_ORR,2,尺寸标注不规范,,,0,2016-07-27 10:12:33.493,2016-07-27 18:02:54.367,,
58,SFY_ORR,3,文字备注不规范,,,0,2016-07-27 10:12:44.3,2016-07-27 18:02:54.367,,
59,SFY_ORR,4,物料不符合接单规范,,,0,2016-07-27 10:13:32.463,2016-07-27 18:02:54.367,,
60,SFY_ORR,5,结构工艺不符合接单规范,,,0,2016-07-27 10:13:41.23,2016-07-27 18:02:54.367,,
61,SFY_ORR,6,线框图,,,0,2016-07-27 10:14:18.943,2016-07-27 18:02:54.367,,
62,SFY_ORR,7,单号有误,,,0,2016-07-27 10:14:25.09,2016-07-27 18:02:54.367,,
63,SFY_ORR,8,图文不一致,,,0,2016-07-27 10:14:32.827,2016-07-27 18:02:54.367,,
64,SFY_ORR,9,没有正确使用03图库下单,,,0,2016-07-27 10:14:39.03,2016-07-27 18:02:54.367,,
65,SFY_ORR,10,文字表达有歧义,,,0,2016-07-27 10:14:46.033,2016-07-27 18:02:54.367,,
66,SFY_ORR,11,客户要求退回,,,0,2016-07-27 10:14:53.53,2016-07-27 18:02:54.367,,
67,SFY_ORR,12,其他,,,0,2016-07-27 10:14:58.897,2016-07-27 18:02:54.367,,
68,SFY_ORDER_REJECTTYPE,重点出错,重点出错,,,0,2016-07-27 10:15:36.333,2016-07-27 18:02:54.367,,
69,SFY_ORDER_REJECTTYPE,普通出错,普通出错,,,0,2016-07-27 10:15:46.03,2016-07-27 18:02:54.367,,
70,SFY_RedWineRack,CF12040053|3,红酒架报价编码,,,0,2016-07-27 10:16:46.123,2016-07-27 18:02:54.367,,
71,SFY_RedWineRack,CF12040053|4,井酒架报价编码,,,0,2016-07-27 10:16:53.353,2016-07-27 18:02:54.367,,
72,SFY_RedWineRack,F10-HJJ|1,红酒架,,,0,2016-07-27 10:17:01.743,2016-07-27 18:02:54.367,,
73,SFY_RedWineRack,F10-JJJ|2,井酒架,,,0,2016-07-27 10:17:08.683,2016-07-27 18:02:54.367,,
74,SFY_RedWineRack,F10-JJJH|2,井酒架（横版）,,,0,2016-07-27 10:17:15.82,2016-07-27 18:02:54.367,,
75,SFY_RedWineRack,F10-JJJS|2,井酒架（竖板）,,,0,2016-07-27 10:17:22.943,2016-07-27 18:02:54.367,,
76,SFY_KD_DB_TYPE,SOGAL106,N,,,0,2016-07-27 10:17:55.16,2016-07-27 18:02:54.367,,
77,SFY_KD_DB_TYPE,SOGAL304,N,,,0,2016-07-27 10:18:02.243,2016-07-27 18:02:54.367,,
78,SFY_KD_DB_TYPE,SOG_P02,N,,,0,2016-07-27 10:18:09.213,2016-07-27 18:02:54.367,,
79,SFY_KD_DB_TYPE,SOG_Y02,N,,,0,2016-07-27 10:18:16.34,2016-07-27 18:02:54.367,,
80,SFY_KD_DB_TYPE,SOG_Y04,Y,,,0,2016-07-27 10:18:23.657,2016-07-27 18:02:54.367,,
81,SFY_KD_DB_TYPE,TM011,NULL,,,0,2016-07-27 10:18:31.713,2016-07-27 18:02:54.367,,
82,SFY_KD_DB_TYPE,TM-908,NULL,,,0,2016-07-27 10:18:39.16,2016-07-27 18:02:54.367,,
83,SFY_KD_DB_TYPE,SOG_Y03,Y,,,0,2016-07-27 10:18:47.543,2016-07-27 18:02:54.367,,
84,SFY_KD_DB_TYPE,TM-HUAYU,NULL,,,0,2016-07-27 10:18:56.497,2016-07-27 18:02:54.367,,
85,SFY_KD_DB_TYPE,SOG-Y03,Y,,,0,2016-07-27 10:19:05.323,2016-07-27 18:02:54.367,,
86,SFY_KD_DB_TYPE,SOG_Y01,N,,,0,2016-07-27 10:19:13.303,2016-07-27 18:02:54.367,,
87,SFY_KD_DB_TYPE,SOG_P01,N,,,0,2016-07-27 10:19:22.79,2016-07-27 18:02:54.367,,
88,SFY_KD_DB_TYPE,SOG_G01,N,,,0,2016-07-27 10:19:30.24,2016-07-27 18:02:54.367,,
89,SFY_KD_DB_TYPE,SOG_P03,Y,,,0,2016-07-27 10:19:37.81,2016-07-27 18:02:54.367,,
90,SFY_KD_DB_TYPE,SOG_Y031,Y,,,0,2016-07-27 10:19:46.467,2016-07-27 18:02:54.367,,
91,SFY_KD_DB_TYPE,SOG_P031,Y,,,0,2016-07-27 10:19:54.667,2016-07-27 18:02:54.367,,
92,SFY_KD_DB_TYPE,SOG_P021,N,,,0,2016-07-27 10:20:02.317,2016-07-27 18:02:54.367,,
93,SFY_KD_DB_TYPE,SOG_Y021,N,,,0,2016-07-27 10:20:23.393,2016-07-27 18:02:54.367,,
94,SFY_KD_DB_TYPE,SOG_P011,N,,,0,2016-07-27 10:20:30.923,2016-07-27 18:02:54.367,,
95,SFY_KD_DB_TYPE,SOG_Y011,N,,,0,2016-07-27 10:20:40.29,2016-07-27 18:02:54.367,,
96,SFY_KD_DB_TYPE,SOG_G011,N,,,0,2016-07-27 10:20:47.613,2016-07-27 18:02:54.367,,
97,SFY_KD_DB_TYPE,TM03,Y,,,0,2016-07-27 10:20:55.44,2016-07-27 18:02:54.367,,
98,SFY_KD_DB_TYPE,SOG_F03,Y,,,0,2016-07-27 10:21:06.083,2016-07-27 18:02:54.367,,
99,SFY_KD_DB_TYPE,SOG_P032,Y,,,0,2016-07-27 10:21:14.603,2016-07-27 18:02:54.367,,
100,SFY_KD_DB_TYPE,SOG_G031,Y,,,0,2016-07-27 10:21:25.78,2016-07-27 18:02:54.367,,
101,SFY_KD_DB_TYPE,SOG_G03,Y,,,0,2016-07-27 10:21:34.667,2016-07-27 18:02:54.367,,
102,SFY_ORGANIZATION,341,OU_湖北索菲亚,,,0,2016-07-27 10:24:37.037,2016-07-27 18:02:54.367,,
103,SFY_CRMPATH,CRMPATH,http://192.168.168.89:9088/sogalproject/rest/attach/all/jldownload,,,0,2016-07-27 14:55:55.497,2016-07-27 18:02:54.367,,
104,SFY_KD_OrderType_Key,HasSolidWood,柯乐芙,1,,0,2016-07-27 18:35:22.97,2016-07-27 18:35:22.97,郭海生工程,郭海生工程
105,SFY_KD_OrderType_Key,IsGD218,美式218,3,,0,2016-07-27 18:35:38.023,2016-07-27 18:35:38.023,郭海生工程,郭海生工程
106,SFY_KD_OrderType_Key,IsZJ202C,做旧202C,2,,0,2016-07-27 18:35:47.873,2016-07-27 18:35:47.873,郭海生工程,郭海生工程
107,SFY_KD_OrderType_Key,HasShapePanel,是否有形体板,,,0,2016-07-27 18:35:58.917,2016-07-27 18:35:58.917,郭海生工程,郭海生工程
108,SFY_KD_OrderType_Key,IsWQ215,无醛215,4,,0,2016-07-27 18:36:07.13,2016-07-27 18:36:07.13,郭海生工程,郭海生工程
109,SFY_KD_OrderType_Key,IsWQ818,无醛818,5,,0,2016-07-27 18:36:18.357,2016-07-27 18:36:18.357,郭海生工程,郭海生工程
110,SFY_KD_OrderType_Product,01,HasSolidWood,1,柯乐芙,0,2016-07-27 18:36:41.92,2016-07-27 18:36:41.92,郭海生工程,郭海生工程
111,SFY_KD_OrderType_Product,03,IsGD218,1,美式218,0,2016-07-27 18:37:02.733,2016-07-27 18:37:02.733,郭海生工程,郭海生工程
112,SFY_KD_OrderType_Product,04,IsZJ202C,1,做旧202C,0,2016-07-27 18:37:31.883,2016-07-27 18:37:31.883,郭海生工程,郭海生工程
113,SFY_KD_OrderType_Product,05,HasShapePanel,,是否有形体板,0,2016-07-27 18:37:44.283,2016-07-27 18:37:44.283,郭海生工程,郭海生工程
114,SFY_KD_OrderType_Product,06,IsWQ215,1,无醛215,0,2016-07-27 18:37:55.89,2016-07-27 18:37:55.89,郭海生工程,郭海生工程
115,SFY_KD_OrderType_Product,07,IsWQ818,1,无醛818,0,2016-07-27 18:38:08.27,2016-07-27 18:38:08.27,郭海生工程,郭海生工程
116,SFY_OU_DistributedSync,121,N,CD,,0,2016-07-27 18:38:43.95,2016-07-27 18:38:43.95,郭海生工程,郭海生工程
117,SFY_OU_DistributedSync,192,N,LF,,0,2016-07-27 18:38:56.7,2016-07-27 18:39:51.043,郭海生工程,郭海生工程
118,SFY_OU_DistributedSync,208,N,ZJ,,0,2016-07-27 18:39:11.273,2016-07-27 18:39:11.273,郭海生工程,郭海生工程
119,SFY_OU_DistributedSync,341,N,HB,,0,2016-07-27 18:39:20.917,2016-07-27 18:39:20.917,郭海生工程,郭海生工程
120,SFY_OU_DistributedSync,85,Y,GZ,,0,2016-07-27 18:39:31.427,2016-07-28 17:32:37.04,郭海生工程,何沛辉
121,SFY_HardwareTypeCode,CDWJ,N,长度五金,PJM;CUPBOARD,0,2016-10-20 18:24:07.42,2017-03-09 17:46:41.403,郭海生工程,郭海生
122,SFY_HardwareTypeCode,LJWJ,Y,连接五金,PJM;CUPBOARD,0,2016-10-20 18:24:14.94,2017-03-09 17:46:45.883,郭海生工程,郭海生
123,SFY_XDiyDoorDetailIncrement,5CY203,-3;0,,,0,2016-10-24 10:02:59.603,2016-10-24 10:02:59.603,郭海生工程,郭海生工程
124,SFY_XDiyDoorDetailIncrement,5CY103,-3;0,,,0,2016-10-24 10:03:08.0,2016-10-24 10:03:08.0,郭海生工程,郭海生工程
125,SFY_XDiyDoorDetailIncrement,5CY103-F,-3;0,,,0,2016-10-24 10:03:16.28,2016-10-24 10:03:16.28,郭海生工程,郭海生工程
126,SFY_XDiyDoorDetailIncrement,5CY203-F,-3;0,,,0,2016-10-24 10:03:23.993,2016-10-24 10:03:23.993,郭海生工程,郭海生工程
127,SFY_HardwareMergeCondition,WJ091-009,,铁钉,,0,2016-11-24 16:26:56.797,2016-11-24 16:26:56.797,郭海生,郭海生
128,SFY_HardwareMergeCondition,WJ032-003,,普通门铰(入柱),,0,2016-11-24 16:26:56.797,2016-11-24 16:26:56.797,郭海生,郭海生
129,SFY_HardwareMergeCondition,WJ032-002,,普通门铰(半盖),,0,2016-11-24 16:26:56.797,2016-11-24 16:26:56.797,郭海生,郭海生
130,SFY_HardwareMergeCondition,WJ032-001,,普通门铰(全盖),,0,2016-11-24 16:26:56.797,2016-11-24 16:26:56.797,郭海生,郭海生
131,SFY_HardwareMergeCondition,WJ033-003,,阻尼门铰(入柱),,0,2016-11-24 16:26:56.797,2016-11-24 16:26:56.797,郭海生,郭海生
132,SFY_HardwareMergeCondition,WJ033-002,,阻尼门铰(半盖),,0,2016-11-24 16:26:56.797,2016-11-24 16:26:56.797,郭海生,郭海生
133,SFY_HardwareMergeCondition,WJ033-001,,阻尼门铰(全盖),,0,2016-11-24 16:26:56.797,2016-11-24 16:26:56.797,郭海生,郭海生
134,SFY_HardwareMergeCondition,WJ033-005,,玻璃阻尼入柱门铰,,0,2016-11-24 16:26:56.797,2016-11-24 16:26:56.797,郭海生,郭海生
135,SFY_HardwareMergeCondition,WJ041-030,Color,30拉手,花色,0,2016-11-24 16:26:56.797,2016-11-24 16:26:56.797,郭海生,郭海生
136,SFY_HardwareMergeCondition,WJ015-013,Color,球型拉手(香槟),花色,0,2016-11-24 16:26:56.797,2016-11-24 16:26:56.797,郭海生,郭海生
137,SFY_HardwareMergeCondition,WJ015-012,Color,08形拉手(香槟),花色,0,2016-11-24 16:26:56.797,2016-11-24 16:26:56.797,郭海生,郭海生
138,SFY_HardwareMergeCondition,WJ015-014,Color,E型拉手(香槟),花色,0,2016-11-24 16:26:56.797,2016-11-24 16:26:56.797,郭海生,郭海生
139,SFY_HardwareMergeCondition,WJ041-015,,圆形古典拉手,,0,2016-11-24 16:26:56.797,2016-11-24 16:26:56.797,郭海生,郭海生
140,SFY_HardwareMergeCondition,WJ041-016,,长形古典拉手,,0,2016-11-24 16:26:56.797,2016-11-24 16:26:56.797,郭海生,郭海生
141,SFY_HardwareMergeCondition,WJ012-006,,M4*30拉手螺丝,,0,2016-11-24 16:26:56.797,2016-11-24 16:26:56.797,郭海生,郭海生
142,SFY_HardwareMergeCondition,WJ091-256,,抽屉锁（新）,,0,2016-11-24 16:26:56.797,2016-11-24 16:26:56.797,郭海生,郭海生
143,SFY_HardwareMergeCondition,WJ091-052,,线盒（￠53）,,0,2016-11-24 16:26:56.797,2016-11-24 16:26:56.797,郭海生,郭海生
144,SFY_HardwareMergeCondition,WJ091-142,Color,香槟色时尚挂钩A1(Φ5.5),花色,0,2016-11-24 16:26:56.797,2016-11-24 16:26:56.797,郭海生,郭海生
145,SFY_HardwareMergeCondition,WJ022-010,Color;Remark;Spec,14寸三节导轨(黑),花色;备注;规格,0,2016-11-24 16:26:56.797,2016-11-24 16:26:56.797,郭海生,郭海生
146,SFY_HardwareMergeCondition,WJ071-001,,2合1,,0,2016-11-24 16:26:56.797,2016-11-24 16:26:56.797,郭海生,郭海生
147,SFY_HardwareMergeCondition,WJ011-010,,自攻螺丝M3.5*12,,0,2016-11-24 16:26:56.797,2016-11-24 16:26:56.797,郭海生,郭海生
148,SFY_HardwareMergeCondition,WJ071-002,,3合1,,0,2016-11-24 16:26:56.797,2016-11-24 16:26:56.797,郭海生,郭海生
149,SFY_HardwareMergeCondition,WJ051-001,,M8*40木塞,,0,2016-11-24 16:26:56.797,2016-11-24 16:26:56.797,郭海生,郭海生
150,SFY_HardwareMergeCondition,WJ091-074,,双头胶粒,,0,2016-11-24 16:26:56.797,2016-11-24 16:26:56.797,郭海生,郭海生
151,SFY_HardwareMergeCondition,WJ012-011,,6*36#连柜螺丝,,0,2016-11-24 16:26:56.797,2016-11-24 16:26:56.797,郭海生,郭海生
152,SFY_HardwareMergeCondition,WJ011-008,,M5*60自攻螺丝（含木塞）,,0,2016-11-24 16:26:56.797,2016-11-24 16:26:56.797,郭海生,郭海生
153,SFY_HardwareMergeCondition,CH29900095,,?7*51mm双头连杆(套装),,0,2016-11-24 16:26:56.797,2016-11-24 16:26:56.797,郭海生,郭海生
154,SFY_HardwareMergeCondition,WJ081-003,,2合1层板粒(￠6),,0,2016-11-24 16:26:56.797,2016-11-24 16:26:56.797,郭海生,郭海生
155,SFY_HardwareMergeCondition,WJ081-004,Color,8mm玻璃层板托,花色,0,2016-11-24 16:26:56.797,2016-11-24 16:26:56.797,郭海生,郭海生
156,SFY_HardwareMergeCondition,WJ091-135,Color,25mm衣通托（香槟色）,花色,0,2016-11-24 16:26:56.797,2016-11-24 16:26:56.797,郭海生,郭海生
157,SFY_HardwareMergeCondition,CH99900234_101,Color,香槟色圆形衣通托、挂钩,花色,0,2016-11-24 16:26:56.797,2016-11-24 16:26:56.797,郭海生,郭海生
158,SFY_HardwareMergeCondition,5P602/102,Color,白色上轨收边铭牌(A1),花色,0,2016-11-24 16:26:56.797,2016-11-24 16:26:56.797,郭海生,郭海生
159,SFY_HardwareMergeCondition,5P602/112,Color,酒红色上轨收边铭牌(A1),花色,0,2016-11-24 16:26:56.797,2016-11-24 16:26:56.797,郭海生,郭海生
160,SFY_HardwareMergeCondition,WJ081-002,,活动层板粒,,0,2016-11-24 16:26:56.797,2016-11-24 16:26:56.797,郭海生,郭海生
161,SFY_HardwareMergeCondition,WJ081-005,Color,20mm层板托（白色）,花色,0,2016-11-24 16:26:56.797,2016-11-24 16:26:56.797,郭海生,郭海生
162,SFY_HardwareMergeCondition,WJ091-012,Color,白色塑料角码,花色,0,2016-11-24 16:26:56.797,2016-11-24 16:26:56.797,郭海生,郭海生
163,SFY_HardwareMergeCondition,WJ061-001,Color,Ф5装饰盖（白色）,花色,0,2016-11-24 16:26:56.797,2016-11-24 16:26:56.797,郭海生,郭海生
164,SFY_HardwareMergeCondition,WJ061-009,Color,偏心件饰盖(白色),花色,0,2016-11-24 16:26:56.797,2016-11-24 16:26:56.797,郭海生,郭海生
165,SFY_HardwareMergeCondition,WJ081-006,Color,20mm层板托（棕色）,花色,0,2016-11-24 16:26:56.797,2016-11-24 16:26:56.797,郭海生,郭海生
166,SFY_HardwareMergeCondition,WJ091-013,Color,咖啡色塑料角码,花色,0,2016-11-24 16:26:56.797,2016-11-24 16:26:56.797,郭海生,郭海生
167,SFY_HardwareMergeCondition,WJ061-002,Color,Ф5装饰盖（棕色）,花色,0,2016-11-24 16:26:56.797,2016-11-24 16:26:56.797,郭海生,郭海生
168,SFY_HardwareMergeCondition,WJ061-010,Color,偏心件饰盖(棕色),花色,0,2016-11-24 16:26:56.797,2016-11-24 16:26:56.797,郭海生,郭海生
169,SFY_HardwareMergeCondition,WJ091-157,Color,香槟色直角件,花色,0,2016-11-24 16:26:56.797,2016-11-24 16:26:56.797,郭海生,郭海生
170,SFY_HardwareMergeCondition,WJ091-136,Color,香槟色盾形层板托,花色,0,2016-11-24 16:26:56.797,2016-11-24 16:26:56.797,郭海生,郭海生
171,SFY_HardwareMergeCondition,FBD6*22,Color;Remark;Spec,封边带,花色;备注;规格,0,2016-11-24 16:26:56.797,2016-11-24 16:26:56.797,郭海生,郭海生
172,SFY_HardwareMergeCondition,WJ011-013,,平头螺丝M4*30,,0,2016-11-24 16:26:56.797,2016-11-24 16:26:56.797,郭海生,郭海生
173,SFY_HardwareMergeCondition,WJ011-002,,自攻螺丝M4*16,,0,2016-11-24 16:26:56.797,2016-11-24 16:26:56.797,郭海生,郭海生
174,SFY_HardwareMergeCondition,WJ011-006,,自攻螺丝M3.5*40,,0,2016-11-24 16:26:56.797,2016-11-24 16:26:56.797,郭海生,郭海生
175,SFY_HardwareMergeCondition,WJ091-286-1,Color,方形衣通托（香槟色）,花色,0,2016-11-24 16:26:56.797,2016-11-24 16:26:56.797,郭海生,郭海生
176,SFY_HardwareMergeCondition,CH80500007_101,Color,艇形衣通托(香槟色)(2个一包),花色,0,2016-11-24 16:26:56.797,2016-11-24 16:26:56.797,郭海生,郭海生
177,SFY_HardwareMergeCondition,FWJ091-292,Color,方形衣通（含胶条）,花色,0,2016-11-24 16:26:56.797,2016-11-24 16:26:56.797,郭海生,郭海生
178,SFY_HardwareMergeCondition,CH99900280,Color,方形衣通挂钩衣通托套装,花色,0,2016-11-24 16:26:56.797,2016-11-24 16:26:56.797,郭海生,郭海生
179,SFY_HardwareMergeCondition,CH20510002,,快装连接件（26）,,0,2016-11-24 16:26:56.797,2016-11-24 16:26:56.797,郭海生,郭海生
180,SFY_HardwareMergeCondition,WJ091-140,Color,香槟色双盾连接件,花色,0,2016-11-24 16:26:56.797,2016-11-24 16:26:56.797,郭海生,郭海生
181,SFY_HardwareMergeCondition,WJ091-139,Color,香槟色钥匙钩,花色,0,2016-11-24 16:26:56.797,2016-11-24 16:26:56.797,郭海生,郭海生
182,SFY_HardwareMergeCondition,WJ091-279,,挂衣钩,,0,2016-11-24 16:26:56.797,2016-11-24 16:26:56.797,郭海生,郭海生
183,SFY_HardwareMergeCondition,WJ091-252,,木线角码2,,0,2016-11-24 16:26:56.797,2016-11-24 16:26:56.797,郭海生,郭海生
184,SFY_HardwareMergeCondition,WJ091-253,,装饰顶线连接件,,0,2016-11-24 16:26:56.797,2016-11-24 16:26:56.797,郭海生,郭海生
185,SFY_HardwareMergeCondition,WJ091-015,,56°铁角码,,0,2016-11-24 16:26:56.797,2016-11-24 16:26:56.797,郭海生,郭海生
186,SFY_HardwareMergeCondition,WJ091-273,,搁板托杆,,0,2016-11-24 16:26:56.797,2016-11-24 16:26:56.797,郭海生,郭海生
187,SFY_HardwareMergeCondition,WJ091-005,,金属角码,,0,2016-11-24 16:26:56.797,2016-11-24 16:26:56.797,郭海生,郭海生
188,SFY_HardwareMergeCondition,WJ091-079,,柜脚,,0,2016-11-24 16:26:56.797,2016-11-24 16:26:56.797,郭海生,郭海生
189,SFY_HardwareMergeCondition,WJ091-266,,柜脚五金包,,0,2016-11-24 16:26:56.797,2016-11-24 16:26:56.797,郭海生,郭海生
190,SFY_HardwareMergeCondition,WJ091-267,,梳妆凳五金包,,0,2016-11-24 16:26:56.797,2016-11-24 16:26:56.797,郭海生,郭海生
191,SFY_HardwareMergeCondition,CH60800042,,拉杆,,0,2016-11-24 16:26:56.797,2016-11-24 16:26:56.797,郭海生,郭海生
192,SFY_HardwareMergeCondition,CH60800043,,螺母,,0,2016-11-24 16:26:56.797,2016-11-24 16:26:56.797,郭海生,郭海生
193,SFY_HardwareMergeCondition,CH29900059,,活动层板、钥匙挂板五金包,,0,2016-11-24 16:26:56.797,2016-11-24 16:26:56.797,郭海生,郭海生
194,SFY_HardwareMergeCondition,CH29900061,,推拉式收纳箱五金包,,0,2016-11-24 16:26:56.797,2016-11-24 16:26:56.797,郭海生,郭海生
195,SFY_HardwareMergeCondition,WJ022-007,Color;Remark;Spec,16寸三节导轨(黑),花色;备注;规格,0,2016-11-24 16:26:56.797,2016-11-24 16:26:56.797,郭海生,郭海生
196,SFY_HardwareMergeCondition,CH29900062,,配饰柜五金包,,0,2016-11-24 16:26:56.797,2016-11-24 16:26:56.797,郭海生,郭海生
197,SFY_HardwareMergeCondition,CH30200010,Color;Remark;Spec,14寸配饰柜导轨,花色;备注;规格,0,2016-11-24 16:26:56.797,2016-11-24 16:26:56.797,郭海生,郭海生
198,SFY_HardwareMergeCondition,F104064004,Color;Remark;Spec,非标时尚裤架,花色;备注;规格,0,2016-11-24 16:26:56.797,2016-11-24 16:26:56.797,郭海生,郭海生
199,SFY_HardwareMergeCondition,CH39900007,,两节隐藏推弹导轨,,0,2016-11-24 16:26:56.797,2016-11-24 16:26:56.797,郭海生,郭海生
200,SFY_HardwareMergeCondition,CH40200008,,165°阻尼入柱门铰,,0,2016-11-24 16:26:56.797,2016-11-24 16:26:56.797,郭海生,郭海生
201,SFY_HardwareMergeCondition,CH40200007,,165°阻尼半盖门铰,,0,2016-11-24 16:26:56.797,2016-11-24 16:26:56.797,郭海生,郭海生
202,SFY_HardwareMergeCondition,WJ033-006,,165°阻尼全盖门铰,,0,2016-11-24 16:26:56.797,2016-11-24 16:26:56.797,郭海生,郭海生
203,SFY_HardwareMergeCondition,FL029,,外挂趟门导轨装饰盖条(切割),,0,2016-11-24 16:26:56.797,2016-11-24 16:26:56.797,郭海生,郭海生
204,SFY_HardwareMergeCondition,CH29900056_102,Color;Remark;Spec,1#、3#_4层百宝架五金包(白色),花色;备注;规格,0,2016-11-24 16:26:56.797,2016-11-24 16:26:56.797,郭海生,郭海生
205,SFY_HardwareMergeCondition,CH29900057_102,Color;Remark;Spec,1#、3#_2层百宝架五金包,花色;备注;规格,0,2016-11-24 16:26:56.797,2016-11-24 16:26:56.797,郭海生,郭海生
206,SFY_HardwareMergeCondition,CH29900058_102,Color;Remark;Spec,1#、3#_1层百宝架五金包(白色),花色;备注;规格,0,2016-11-24 16:26:56.797,2016-11-24 16:26:56.797,郭海生,郭海生
207,SFY_HardwareMergeCondition,CH29900060_102,Color;Remark;Spec,活动L架五金包(白色),花色;备注;规格,0,2016-11-24 16:26:56.797,2016-11-24 16:26:56.797,郭海生,郭海生
208,SFY_HardwareMergeCondition,CH29900056_113,Color;Remark;Spec,1#、3#_4层百宝架五金包(棕色),花色;备注;规格,0,2016-11-24 16:26:56.797,2016-11-24 16:26:56.797,郭海生,郭海生
209,SFY_HardwareMergeCondition,CH29900057_113,Color;Remark;Spec,1#、3#_2层百宝架五金包(棕色),花色;备注;规格,0,2016-11-24 16:26:56.797,2016-11-24 16:26:56.797,郭海生,郭海生
210,SFY_HardwareMergeCondition,CH29900058_113,Color;Remark;Spec,1#、3#_1层百宝架五金包(棕色),花色;备注;规格,0,2016-11-24 16:26:56.797,2016-11-24 16:26:56.797,郭海生,郭海生
211,SFY_HardwareMergeCondition,CH29900060_113,Color;Remark;Spec,活动L架五金包(棕色),花色;备注;规格,0,2016-11-24 16:26:56.797,2016-11-24 16:26:56.797,郭海生,郭海生
212,SFY_HardwareMergeCondition,GH99900274,,工程_(LJ5004)门铰引孔胶粒,,0,2016-11-24 16:29:12.82,2016-11-24 16:29:23.027,郭海生工程测试,郭海生工程测试
213,SFY_HardwareMergeCondition,GH99900275,,工程_(LJ5005)十字槽沉头螺钉,,0,2016-11-24 16:29:36.95,2016-11-24 16:29:43.523,郭海生工程测试,郭海生工程测试
214,SFY_HardwareMergeCondition,WJ071-007,,?7*51mm双头连杆(套装),,0,2016-11-24 16:39:25.2,2016-11-24 16:39:32.82,郭海生工程测试,郭海生工程测试
215,SFY_HardwareMergeCondition,CH29900067,,5#柜背板连接件,,0,2016-11-24 16:40:13.243,2016-11-24 16:40:20.227,郭海生工程测试,郭海生工程测试
216,SFY_HardwareMergeCondition,CH29900068,,T型线连接件,,0,2016-11-24 16:40:33.433,2016-11-24 16:40:40.913,郭海生工程测试,郭海生工程测试
217,SFY_HardwareMergeCondition,GH30300017,,工程_（DG3015）16寸海蒂诗阻尼三节导轨(型号:KA5632、黑色),,0,2016-11-24 19:28:38.627,2016-11-24 19:28:49.0,郭海生工程测试,郭海生工程测试
218,SFY_HardwareMergeCondition,WJ011-020,,M4*30平头十字自攻螺丝,,0,2016-11-24 22:04:03.26,2016-11-24 22:04:11.843,郭海生工程,郭海生工程
219,SFY_HardwareMergeCondition,GH99900228,,工程_(QT4086)快装卡件,,0,2016-11-24 22:04:41.963,2016-11-24 22:04:49.347,郭海生工程,郭海生工程
220,SFY_HardwareMergeCondition,GH66000059,,工程_（QT6114-1)OPK旗舰3号木趟门五金上轮-右(50kg-重型）,,0,2016-11-24 22:25:23.35,2016-11-24 22:25:30.633,郭海生工程,郭海生工程
221,SFY_HardwareMergeCondition,GH66000031,,工程_（QT3026-3)木板趟门配套五金(型号：CJ21270A-嵌入式木门轮-下),,0,2016-11-24 22:25:53.683,2016-11-24 22:26:01.12,郭海生工程,郭海生工程
222,SFY_HardwareMergeCondition,GH66000058,,工程_（QT6114)OPK旗舰3号木趟门五金上轮-左(50kg-重型）,,0,2016-11-24 22:26:25.577,2016-11-24 22:26:32.817,郭海生工程,郭海生工程
223,SFY_HardwareMergeCondition,TSWJ031-005,,工程_MJ2008百隆107°入柱普通门铰(含装饰盖),,0,2016-11-24 22:48:24.233,2016-11-24 22:48:31.123,郭海生,郭海生
224,SFY_HardwareMergeCondition,TSWJ033-005,,工程_MJ2009百隆107°入柱阻尼门铰(含阻尼器),,0,2016-11-24 22:49:19.853,2016-11-24 22:49:27.12,郭海生,郭海生
225,SFY_HardwareMergeCondition,TSWJ033-004,,工程_MJ2006百隆107°半盖阻尼门铰(含阻尼器),,0,2016-11-24 22:49:45.747,2016-11-24 22:49:52.2,郭海生,郭海生
226,SFY_HardwareMergeCondition,TSWJ031-004,,工程_MJ2004百隆107°半盖普通门铰(含装饰盖),,0,2016-11-24 22:50:18.267,2016-11-24 22:50:24.337,郭海生,郭海生
227,SFY_HardwareMergeCondition,WJ011-004,,M4*22自攻螺丝,,0,2016-11-24 22:55:39.233,2016-11-24 22:55:45.36,郭海生,郭海生
228,SFY_HardwareMergeCondition,GH30400003,,工程_(DG3001-3）百隆16寸阻尼三节导轨,,0,2016-11-24 22:56:21.487,2016-11-24 22:56:28.217,郭海生,郭海生
229,SFY_HardwareMergeCondition,GH90331105,,工程_（QT5085-2）LED灯带 型号：2835 60珠（2000mm）,,0,2016-11-24 22:56:49.423,2016-11-26 12:02:32.663,郭海生,叶文俊
230,SFY_HardwareMergeCondition,GH30400009,,工程_(DG3001-1）百隆12寸阻尼三节导轨,,0,2016-11-24 22:57:29.373,2016-11-26 12:02:53.247,郭海生,叶文俊
231,SFY_HardwareMergeCondition,GH30300012,,工程_海蒂诗阻尼三节导轨DG2008（16寸）（型号：KA5632、银色）,,0,2016-11-24 22:58:02.997,2016-11-26 12:03:06.937,郭海生,叶文俊
232,SFY_HardwareMergeCondition,GH90331150,,工程_(QT6116)裤管（402*16*20mm）,,0,2016-11-24 22:58:38.49,2016-11-26 12:03:23.187,郭海生,叶文俊
233,SFY_HardwareMergeCondition,GH30300019,,工程_（DG3015）12寸海蒂诗阻尼三节导轨(型号:KA5632、黑色),,0,2016-11-24 22:59:05.28,2016-11-26 12:03:37.763,郭海生,叶文俊
234,SFY_HardwareMergeCondition,GH90331151,,工程_(QT6116)裤管（302*16*20mm）,,0,2016-11-24 22:59:42.87,2016-11-26 12:03:49.65,郭海生,叶文俊
235,SFY_HardwareMergeCondition,WJ011-021,,M4*40平头十字自攻螺丝,,0,2016-11-24 23:01:08.02,2016-11-26 12:04:02.197,郭海生,叶文俊
236,SFY_HardwareMergeCondition,CH50100040,,202仿古圆拉手,,0,2016-11-24 23:01:26.46,2016-11-29 14:46:35.9,郭海生,叶文俊
237,SFY_HardwareMergeCondition,WJ012-004,,M4*25拉手螺丝,,0,2016-11-24 23:01:45.903,2016-11-29 14:46:47.847,郭海生,叶文俊
238,SFY_HardwareMergeCondition,CH20110002,,M4*16自攻螺丝,,0,2016-11-24 23:02:41.603,2016-11-29 14:46:59.98,郭海生,叶文俊
239,SFY_HardwareMergeCondition,GH66000051,,工程_（QT6036)木趟门两门配套五金(1种阻尼器：9169651),,0,2016-11-24 23:03:51.243,2016-11-29 14:47:13.073,郭海生,叶文俊
240,SFY_HardwareMergeCondition,TSWJ033-001,,工程_MJ3017百隆95度厚门铰-阻尼全盖,,0,2016-11-24 23:05:25.89,2016-11-29 14:47:25.087,郭海生,叶文俊
241,SFY_HardwareMergeCondition,TSWJ033-002,,工程_MJ3019百隆95度厚门铰-阻尼半盖,,0,2016-11-24 23:05:38.557,2016-11-29 14:47:38.11,郭海生,叶文俊
242,SFY_HardwareMergeCondition,GH40100013,,工程_MJ3020百隆95度厚门铰-普通半盖,,0,2016-11-24 23:06:09.343,2016-11-29 14:47:50.883,郭海生,叶文俊
243,SFY_HardwareMergeCondition,GH40100012,,工程_MJ3018百隆95度厚门铰-普通全盖,,0,2016-11-24 23:06:19.637,2016-11-29 14:48:02.623,郭海生,叶文俊
244,SFY_HardwareMergeCondition,GH66000052,,工程_（QT6109)木趟门四门配套五金(两种阻尼器：(9169651，9140438)),,0,2016-11-24 23:07:45.8,2016-11-29 14:48:14.117,郭海生,叶文俊
245,SFY_HardwareMergeCondition,GH66000057,,"工程_（QT6108)木趟门三门配套五金(两种阻尼器：(9169651,9140438))",,0,2016-11-24 23:07:51.003,2016-11-29 14:48:26.05,郭海生,叶文俊
246,SFY_HardwareMergeCondition,GH50200131,,工程_(LS6021)轻扫黑红古拉手(型号：C3224),,0,2016-11-24 23:11:42.643,2016-11-29 14:48:37.483,郭海生,叶文俊
247,SFY_HardwareMergeCondition,WJ012-013,,6*43连柜螺丝,,0,2016-11-24 23:11:59.0,2016-11-29 14:48:53.89,郭海生,叶文俊
248,SFY_HardwareMergeCondition,CH20540002,,快装插销,,0,2016-11-24 23:12:28.177,2016-11-29 14:49:05.093,郭海生,叶文俊
249,SFY_HardwareMergeCondition,GH40100061,,工程_(MJ6014)百隆95°转角柜门铰链（内掩带阻尼）,,0,2016-11-24 23:12:54.087,2016-11-29 14:49:16.673,郭海生,叶文俊
250,SFY_HardwareMergeCondition,GH40100022,,工程_(MJ3024)百隆110°普通门铰（全盖）,,0,2016-11-24 23:13:08.77,2016-11-29 14:49:29.91,郭海生,叶文俊
251,SFY_HardwareMergeCondition,GH40100038,,工程_(MJ5013)百隆110°阻尼门铰(全盖),,0,2016-11-24 23:13:34.313,2016-11-29 14:49:41.267,郭海生,叶文俊
252,SFY_HardwareMergeCondition,GH40100020,,工程_(MJ4007)百隆110°普通门铰（入柱）,,0,2016-11-24 23:13:45.107,2016-11-29 14:49:53.397,郭海生,叶文俊
253,SFY_HardwareMergeCondition,GH40100060,,工程_(MJ6013)百隆95°转角柜门铰链（内掩不带阻尼）,,0,2016-11-24 23:13:55.793,2016-11-29 14:50:05.417,郭海生,叶文俊
254,SFY_HardwareMergeCondition,GH40100040,,工程_(MJ5015)百隆110°阻尼门铰（入柱）,,0,2016-11-24 23:14:31.43,2016-11-29 14:50:16.32,郭海生,叶文俊
255,SFY_HardwareMergeCondition,TSWJ031-003,,工程_MJ2007百隆107°全盖普通门铰(含装饰盖),,0,2016-11-24 23:15:54.82,2016-11-29 14:50:28.247,郭海生,叶文俊
256,SFY_HardwareMergeCondition,TSWJ033-003,,工程_MJ2003百隆107°全盖阻尼门铰(含阻尼器),,0,2016-11-24 23:16:15.53,2016-11-29 14:50:42.283,郭海生,叶文俊
257,SFY_HardwareMergeCondition,WJ024-002,,16寸豪华锁扣阻尼导轨,,0,2016-11-24 23:17:53.873,2016-11-29 14:50:57.153,郭海生,叶文俊
258,SFY_Engineer_OrderType,厨柜合同样板,厨柜合同样板单,图纸单,,0,2017-03-09 17:41:29.8,2017-03-09 17:41:29.8,郭海生,郭海生
259,SFY_Engineer_OrderType,厨柜售前样板,厨柜售前样板单,图纸单,,0,2017-03-09 17:41:42.033,2017-03-09 17:41:42.033,郭海生,郭海生
260,SFY_Engineer_OrderType,厨柜批量单,厨柜合同批量单,图纸单,,0,2017-03-09 17:41:53.77,2017-03-09 17:41:53.77,郭海生,郭海生
261,SFY_Engineer_OrderType2,CG_PS,厨柜售前样板单,,SFY_厨柜售前样板单,0,2017-03-09 17:42:24.757,2017-03-09 20:14:42.573,郭海生,郭海生
262,SFY_Engineer_OrderType2,CG_PC,厨柜合同批量单、厨柜合同样板单,,SFY_厨柜工程合同订单,0,2017-03-09 17:42:32.46,2017-03-09 20:14:49.39,郭海生,郭海生
263,SFY_Engineer_OrderType2,CG_DS,厨柜工程直发单,,SFY_厨柜工程直发单,0,2017-03-09 17:42:41.35,2017-03-09 20:14:55.67,郭海生,郭海生
264,SFY_Second_StructureCode,LKM,铝框门,SFY_ALUMINUMDOOR,CUPBOARD,0,2017-03-09 17:44:25.59,2017-03-09 17:44:25.59,郭海生,郭海生
265,SFY_Second_StructureCode,SMM,实木门,SOLIDWOOD,CUPBOARD,0,2017-03-09 17:44:39.767,2017-03-09 17:44:39.767,郭海生,郭海生
266,SFY_Second_StructureCode,PBM,平板门,SFY_PLAINDOOR,PJM;CUPBOARD,0,2017-03-09 17:44:53.387,2017-08-30 16:15:01.837,郭海生,郭海生
267,SFY_Second_StructureCode,YQM,油漆门,SFY_PAINTDOOR,CUPBOARD,0,2017-03-09 17:45:07.327,2017-03-09 17:45:07.327,郭海生,郭海生
268,SFY_Second_StructureCode,SYWJ,商用五金,COMMERCIALHARDWARE,CUPBOARD,0,2017-03-09 17:45:21.23,2017-03-21 10:11:37.65,郭海生,陈灼均
269,SFY_Second_StructureCode,TMB,台面,SFY_TABLE,CUPBOARD,0,2017-03-09 17:45:33.717,2017-03-09 17:45:33.717,郭海生,郭海生
270,SFY_PageVisible_Hidden,01,SFY_PLAINDOOR;SFY_TABLE;SFY_COMMERCIALHARDWARE,工程外部图纸单;合同批量单;合同样板单;售前样板单,功能门;台面;商用五金,1,2017-03-09 17:47:57.893,2017-03-09 19:07:46.28,郭海生,郭海生
271,SFY_NailBoxCode,吸塑生产线,BZF-MXS1,,包装费-木箱(吸塑),0,2017-03-09 17:48:19.117,2017-03-09 17:48:19.117,郭海生,郭海生
272,SFY_NailBoxCode,平板门生产线,BZF-MXPB,,包装费-木箱（平板门）,0,2017-03-09 17:48:29.1,2017-03-09 17:48:29.1,郭海生,郭海生
273,SFY_NailBoxCode,油漆门生产线,BZF-MXYQ,,包装费-木箱(油漆门),0,2017-03-09 17:48:41.13,2017-03-09 17:48:41.13,郭海生,郭海生
274,SFY_NailBoxCode,铝框门生产线,BZF-MXLK,,包装费-木箱(铝框门),0,2017-03-09 17:48:51.86,2017-03-09 17:48:51.86,郭海生,郭海生
275,SFY_OrderType_WG,厨柜售前样板单,,厨柜工程直发单,,0,2017-03-09 17:49:13.73,2017-03-09 17:49:13.73,郭海生,郭海生
276,SFY_OrderType_WG,厨柜合同批量单,,厨柜工程直发单,,0,2017-03-09 17:49:18.497,2017-03-09 17:49:18.497,郭海生,郭海生
277,SFY_OrderType_WG,厨柜合同样板单,,厨柜工程直发单,,0,2017-03-09 17:49:26.287,2017-03-09 17:49:26.287,郭海生,郭海生
278,SFY_FilterColor,RedWineRack,203S;961S;910B;109S;921S;029;206;218;536;716;902;903;028;208;905;990;201;202;203;202A;201A;203A;202M;203M;100;101;102P;102PA;103;104;118;105P;105;106PA;106P;107;108;109;110;111;112;113P;113;113PA;114;115P;115PA;296;921;961;960;982;981;120;130;WMX;215;215A;818;818A;134;135;136;137;138;139;910;910A;K939S;K939SA;K940S;K940SA;K941S;K941SA;K942S;K942SA;K002S;K002SA;K503S;K503SA;K956S;K956SA;K951S;K951SA;K950S;K950SA;K221S;K221SA;K222S;K901X;K222SA;K957SA;102;202C;904;904A;904B;K709S;K907S;K100S,,,0,2017-03-23 12:17:14.64,2017-03-23 12:17:14.64,郭海生,郭海生
279,SFY_Paint_Type,Q09,2D,GC019,,0,2017-05-04 18:11:06.82,2017-06-08 18:21:14.367,叶文俊,叶文俊
280,SFY_Second_StructureCode,ZH,组合,CABINET,PJM,0,2017-06-23 15:01:18.753,2017-06-23 15:01:18.753,郭海生,郭海生
281,SFY_Engineer_OrderType2,ZG,工程图纸外购直发,,,0,2017-07-27 18:46:15.163,2017-07-27 18:46:15.163,郭海生,郭海生
282,SFY_GlassGroup,01,趟门拼装,,,0,2017-07-27 18:47:02.983,2017-07-27 18:47:02.983,郭海生,郭海生
283,SFY_GlassGroup,02,趟门包装,,,0,2017-07-27 18:47:13.59,2017-07-27 18:47:13.59,郭海生,郭海生
284,SFY_GlassGroup,03,铝制品拼装,,,0,2017-07-27 18:47:21.207,2017-07-27 18:47:21.207,郭海生,郭海生
285,SFY_GlassGroup,04,趟门油印,,,0,2017-07-27 18:47:28.353,2017-07-27 18:47:28.353,郭海生,郭海生
286,SFY_GlassGroup,05,立体拼装,,,0,2017-07-27 18:47:34.853,2017-07-27 18:47:34.853,郭海生,郭海生
287,SFY_GlassGroup,06,趟门检验,,,0,2017-07-27 18:47:41.497,2017-07-27 18:47:41.497,郭海生,郭海生
288,SFY_GlassGroup,07,复合门拼装,,,0,2017-07-27 18:47:48.933,2017-07-27 18:47:48.933,郭海生,郭海生
289,SFY_LogOrderDrawType,1,,,,0,2017-08-10 18:23:24.097,2017-08-10 18:27:31.247,吴浩瑜,吴浩瑜
290,SFY_LogOrderDrawType,2,衣柜,,,0,2017-08-10 18:23:34.617,2017-08-10 18:27:31.253,吴浩瑜,吴浩瑜
291,SFY_LogOrderDrawType,3,顶柜,,,0,2017-08-10 18:23:44.653,2017-08-10 18:27:31.257,吴浩瑜,吴浩瑜
292,SFY_LogOrderDrawType,4,矮柜,,,0,2017-08-10 18:23:54.74,2017-08-10 18:27:31.257,吴浩瑜,吴浩瑜
293,SFY_LogOrderDrawType,5,榻榻米,,,0,2017-08-10 18:24:04.403,2017-08-10 18:27:31.257,吴浩瑜,吴浩瑜
294,SFY_LogOrderDrawType,6,电脑台,,,0,2017-08-10 18:24:13.26,2017-08-10 18:27:31.263,吴浩瑜,吴浩瑜
295,SFY_LogOrderDrawType,7,吊柜,,,0,2017-08-10 18:24:21.96,2017-08-10 18:27:31.263,吴浩瑜,吴浩瑜
296,SFY_LogOrderDrawType,8,台上柜,,,0,2017-08-10 18:24:31.49,2017-08-10 18:27:31.263,吴浩瑜,吴浩瑜
297,SFY_LogOrderDrawType,9,玄关柜,,,0,2017-08-10 18:24:39.773,2017-08-10 18:27:31.263,吴浩瑜,吴浩瑜
298,SFY_LogOrderDrawType,10,立柜,,,0,2017-08-10 18:24:54.863,2017-08-10 18:27:31.263,吴浩瑜,吴浩瑜
299,SFY_LogOrderDrawType,11,镜柜,,,0,2017-08-10 18:25:03.597,2017-08-10 18:27:31.267,吴浩瑜,吴浩瑜
300,SFY_LogOrderDrawType,12,圆弧柜,,,0,2017-08-10 18:25:12.2,2017-08-10 18:27:31.267,吴浩瑜,吴浩瑜
301,SFY_LogOrderDrawType,13,实木,,,0,2017-08-10 18:25:21.047,2017-08-10 18:27:31.273,吴浩瑜,吴浩瑜
302,SFY_LogOrderDrawType,14,做旧,,,0,2017-08-10 18:25:29.18,2017-08-10 18:27:31.273,吴浩瑜,吴浩瑜
